date,opening_inventory,quantity_produced,quantity_sold,quantity_distributed,daily_revenue,closing_inventory,seasonal_factor,weekday_factor,growth_factor
1/1/2025,0,7909,5362,420,191701,2127,1.16,1.02,1
1/2/2025,2127,7241,5489,0,191260,3879,1.16,1.04,1.000165
1/3/2025,3879,7210,6096,494,216452,4499,1.16,1.1,1.00033
1/4/2025,4499,7088,4906,0,169993,6681,1.16,0.95,1.000495
1/5/2025,6681,6888,5047,0,179315,8522,1.16,0.88,1.000659
1/6/2025,8522,7071,6004,515,211495,9074,1.16,1.06,1.000824
1/7/2025,9074,7373,5865,0,205957,10582,1.16,1.03,1.000989
1/8/2025,10582,7412,4593,508,160953,12893,1.16,1.02,1.001154
1/9/2025,12893,7443,6585,0,233273,13751,1.16,1.04,1.001319
1/10/2025,13751,7416,6559,387,230905,14221,1.16,1.1,1.001484
1/11/2025,14221,7226,4645,0,165098,16802,1.16,0.95,1.001648
1/12/2025,16802,7276,5420,0,191634,18658,1.16,0.88,1.001813
1/13/2025,18658,7175,5621,455,198697,19757,1.16,1.06,1.001978
1/14/2025,19757,7168,5486,0,194625,21439,1.16,1.03,1.002143
1/15/2025,21439,7494,5931,516,206661,22486,1.16,1.02,1.002308
1/16/2025,22486,6811,5466,0,189339,23831,1.16,1.04,1.002473
1/17/2025,23831,6604,6393,462,223016,23580,1.16,1.1,1.002637
1/18/2025,23580,7136,5371,0,189512,25345,1.16,0.95,1.002802
1/19/2025,25345,6885,5583,0,196523,26647,1.16,0.88,1.002967
1/20/2025,26647,7417,5417,400,190384,28247,1.16,1.06,1.003132
1/21/2025,28247,7170,5480,0,194761,29937,1.16,1.03,1.003297
1/22/2025,29937,6818,5662,428,201998,30665,1.16,1.02,1.003462
1/23/2025,30665,7398,6226,0,220967,31837,1.16,1.04,1.003626
1/24/2025,31837,7478,6444,502,227921,32369,1.16,1.1,1.003791
1/25/2025,32369,7494,4713,0,165763,35150,1.16,0.95,1.003956
1/26/2025,35150,7116,5127,0,180233,37139,1.16,0.88,1.004121
1/27/2025,37139,7535,5619,475,201493,38580,1.16,1.06,1.004286
1/28/2025,38580,7221,5721,0,205571,40080,1.16,1.03,1.004451
1/29/2025,40080,7061,5847,500,204961,40794,1.16,1.02,1.004615
1/30/2025,40794,7301,5542,0,198361,42553,1.16,1.04,1.00478
1/31/2025,42553,7159,6243,499,217195,42970,1.16,1.1,1.004945
2/1/2025,42970,7462,5075,0,176593,45357,1.18,0.95,1.00511
2/2/2025,45357,7976,5152,0,183903,48181,1.18,0.88,1.005275
2/3/2025,48181,7372,5827,521,209285,49205,1.18,1.06,1.00544
2/4/2025,49205,7179,7435,0,263589,48949,1.18,1.03,1.005604
2/5/2025,48949,7511,6091,492,215193,49877,1.18,1.02,1.005769
2/6/2025,49877,7603,6104,0,215109,51376,1.18,1.04,1.005934
2/7/2025,51376,6947,5675,512,196816,52136,1.18,1.1,1.006099
2/8/2025,52136,7053,5169,0,181675,54020,1.18,0.95,1.006264
2/9/2025,54020,7722,5141,0,181092,56601,1.18,0.88,1.006429
2/10/2025,56601,7166,6322,575,224794,56870,1.18,1.06,1.006593
2/11/2025,56870,7289,5821,0,207090,58338,1.18,1.03,1.006758
2/12/2025,58338,7217,5527,468,193740,59560,1.18,1.02,1.006923
2/13/2025,59560,7440,5795,0,206665,61205,1.18,1.04,1.007088
2/14/2025,61205,7502,6075,480,208783,62152,1.18,1.1,1.007253
2/15/2025,62152,6861,5204,0,184617,63809,1.18,0.95,1.007418
2/16/2025,63809,7483,5026,0,180752,66266,1.18,0.88,1.007582
2/17/2025,66266,7672,5990,547,210151,67401,1.18,1.06,1.007747
2/18/2025,67401,7436,5477,0,191763,69360,1.18,1.03,1.007912
2/19/2025,69360,7635,5707,523,200835,70765,1.18,1.02,1.008077
2/20/2025,70765,7339,5833,0,205208,72271,1.18,1.04,1.008242
2/21/2025,72271,7035,5795,454,200842,73057,1.18,1.1,1.008407
2/22/2025,73057,7010,5271,0,183543,74796,1.18,0.95,1.008571
2/23/2025,74796,7181,4976,0,172544,77001,1.18,0.88,1.008736
2/24/2025,77001,7094,5795,515,205927,77785,1.18,1.06,1.008901
2/25/2025,77785,7481,5580,0,197708,79686,1.18,1.03,1.009066
2/26/2025,79686,7901,6213,490,220865,80884,1.18,1.02,1.009231
2/27/2025,80884,7507,5120,0,179828,83271,1.18,1.04,1.009396
2/28/2025,83271,7182,6424,438,227089,83591,1.18,1.1,1.00956
3/1/2025,83591,6541,4476,0,162201,85656,1.1,0.95,1.009725
3/2/2025,85656,7015,4890,0,175797,87781,1.1,0.88,1.00989
3/3/2025,87781,7130,5314,437,188421,89160,1.1,1.06,1.010055
3/4/2025,89160,6751,6224,0,217840,89687,1.1,1.03,1.01022
3/5/2025,89687,6996,5246,325,186081,91112,1.1,1.02,1.010385
3/6/2025,91112,7083,5644,0,196479,92551,1.1,1.04,1.010549
3/7/2025,92551,6403,6029,431,210759,92494,1.1,1.1,1.010714
3/8/2025,92494,7005,5156,0,181394,94343,1.1,0.95,1.010879
3/9/2025,94343,7081,3935,0,139451,97489,1.1,0.88,1.011044
3/10/2025,97489,6617,5727,475,204159,97904,1.1,1.06,1.011209
3/11/2025,97904,7096,4717,0,165969,100283,1.1,1.03,1.011374
3/12/2025,100283,6995,5123,425,182301,101730,1.1,1.02,1.011538
3/13/2025,101730,6429,5316,0,186101,102843,1.1,1.04,1.011703
3/14/2025,102843,6763,5911,409,205393,103286,1.1,1.1,1.011868
3/15/2025,103286,7001,5120,0,180210,105167,1.1,0.95,1.012033
3/16/2025,105167,6677,4493,0,160084,107351,1.1,0.88,1.012198
3/17/2025,107351,7137,5855,490,210297,108143,1.1,1.06,1.012363
3/18/2025,108143,6430,5567,0,196282,109006,1.1,1.03,1.012527
3/19/2025,109006,7290,5493,522,191458,110281,1.1,1.02,1.012692
3/20/2025,110281,7125,6574,0,231529,110832,1.1,1.04,1.012857
3/21/2025,110832,6756,5658,400,197532,111530,1.1,1.1,1.013022
3/22/2025,111530,7311,4755,0,169505,114086,1.1,0.95,1.013187
3/23/2025,114086,6861,4573,0,161589,116374,1.1,0.88,1.013352
3/24/2025,116374,6918,5361,484,189644,117447,1.1,1.06,1.013516
3/25/2025,117447,6911,5786,0,203129,118572,1.1,1.03,1.013681
3/26/2025,118572,6423,5412,350,190146,119233,1.1,1.02,1.013846
3/27/2025,119233,7240,5307,0,184520,121166,1.1,1.04,1.014011
3/28/2025,121166,6336,5729,444,200906,121329,1.1,1.1,1.014176
3/29/2025,121329,6774,4764,0,165457,123339,1.1,0.95,1.014341
3/30/2025,123339,6942,4913,0,173394,125368,1.1,0.88,1.014505
3/31/2025,125368,7030,5370,486,189792,126542,1.1,1.06,1.01467
4/1/2025,126542,5553,4405,0,153107,127690,0.92,1.03,1.014835
4/2/2025,127690,5581,4595,324,161752,128352,0.92,1.02,1.015
4/3/2025,128352,5815,4220,0,151208,129947,0.92,1.04,1.015165
4/4/2025,129947,5882,4477,449,157165,130903,0.92,1.1,1.01533
4/5/2025,130903,5445,4010,0,140350,132338,0.92,0.95,1.015495
4/6/2025,132338,5562,3716,0,132009,134184,0.92,0.88,1.015659
4/7/2025,134184,5990,4763,364,165981,135047,0.92,1.06,1.015824
4/8/2025,135047,6285,4712,0,168915,136620,0.92,1.03,1.015989
4/9/2025,136620,6062,4137,477,146425,138068,0.92,1.02,1.016154
4/10/2025,138068,5536,4863,0,170205,138741,0.92,1.04,1.016319
4/11/2025,138741,5643,4809,383,168501,139192,0.92,1.1,1.016484
4/12/2025,139192,6398,3801,0,133543,141789,0.92,0.95,1.016648
4/13/2025,141789,5766,4080,0,142382,143475,0.92,0.88,1.016813
4/14/2025,143475,5568,4926,360,173258,143757,0.92,1.06,1.016978
4/15/2025,143757,5908,4087,0,145468,145578,0.92,1.03,1.017143
4/16/2025,145578,6049,4157,335,145361,147135,0.92,1.02,1.017308
4/17/2025,147135,5561,4278,0,148119,148418,0.92,1.04,1.017473
4/18/2025,148418,5480,4422,497,154299,148979,0.92,1.1,1.017637
4/19/2025,148979,5839,4270,0,151308,150548,0.92,0.95,1.017802
4/20/2025,150548,5867,3554,0,124980,152861,0.92,0.88,1.017967
4/21/2025,152861,5130,4171,428,149050,153392,0.92,1.06,1.018132
4/22/2025,153392,6395,4315,0,150729,155472,0.92,1.03,1.018297
4/23/2025,155472,5799,4080,389,145561,156802,0.92,1.02,1.018462
4/24/2025,156802,5901,4572,0,163747,158131,0.92,1.04,1.018626
4/25/2025,158131,5607,4405,461,156274,158872,0.92,1.1,1.018791
4/26/2025,158872,5915,4142,0,145694,160645,0.92,0.95,1.018956
4/27/2025,160645,5463,4026,0,141631,162082,0.92,0.88,1.019121
4/28/2025,162082,5544,4570,455,159698,162601,0.92,1.06,1.019286
4/29/2025,162601,6307,4491,0,157869,164417,0.92,1.03,1.019451
4/30/2025,164417,5923,4353,420,150650,165567,0.92,1.02,1.019615
5/1/2025,165567,5788,4362,0,152670,166993,0.88,1.04,1.01978
5/2/2025,166993,5505,4876,355,170660,167267,0.88,1.1,1.019945
5/3/2025,167267,5842,4008,0,142254,169101,0.88,0.95,1.02011
5/4/2025,169101,5413,3534,0,125852,170980,0.88,0.88,1.020275
5/5/2025,170980,5447,4713,283,164348,171431,0.88,1.06,1.02044
5/6/2025,171431,5453,4145,0,145948,172739,0.88,1.03,1.020604
5/7/2025,172739,5338,4106,360,143710,173611,0.88,1.02,1.020769
5/8/2025,173611,5933,4088,0,142337,175456,0.88,1.04,1.020934
5/9/2025,175456,5738,4980,346,175678,175868,0.88,1.1,1.021099
5/10/2025,175868,5196,4158,0,146204,176906,0.88,0.95,1.021264
5/11/2025,176906,5527,3789,0,132056,178644,0.88,0.88,1.021429
5/12/2025,178644,4941,4767,411,167899,178407,0.88,1.06,1.021593
5/13/2025,178407,5324,4414,0,156540,179317,0.88,1.03,1.021758
5/14/2025,179317,5174,4394,403,152986,179694,0.88,1.02,1.021923
5/15/2025,179694,5586,4327,0,154014,180953,0.88,1.04,1.022088
5/16/2025,180953,5505,5120,328,182505,181010,0.88,1.1,1.022253
5/17/2025,181010,5832,3820,0,134774,183022,0.88,0.95,1.022418
5/18/2025,183022,5778,3578,0,124970,185222,0.88,0.88,1.022582
5/19/2025,185222,4646,4066,412,143495,185390,0.88,1.06,1.022747
5/20/2025,185390,5284,4624,0,162240,186050,0.88,1.03,1.022912
5/21/2025,186050,5494,3812,512,134471,187220,0.88,1.02,1.023077
5/22/2025,187220,5144,4116,0,147050,188248,0.88,1.04,1.023242
5/23/2025,188248,5651,4676,456,167076,188767,0.88,1.1,1.023407
5/24/2025,188767,5622,4451,0,157240,189938,0.88,0.95,1.023571
5/25/2025,189938,5384,3968,0,141376,191354,0.88,0.88,1.023736
5/26/2025,191354,5048,4836,422,169735,191144,0.88,1.06,1.023901
5/27/2025,191144,5924,4068,0,140544,193000,0.88,1.03,1.024066
5/28/2025,193000,5481,4326,317,149637,193838,0.88,1.02,1.024231
5/29/2025,193838,5263,4647,0,167123,194454,0.88,1.04,1.024396
5/30/2025,194454,5477,4773,430,167155,194728,0.88,1.1,1.02456
5/31/2025,194728,5631,3453,0,122225,196906,0.88,0.95,1.024725
6/1/2025,196906,5698,3572,0,126756,199032,0.96,0.88,1.02489
6/2/2025,199032,5677,5041,461,176787,199207,0.96,1.06,1.025055
6/3/2025,199207,6060,4871,0,173668,200396,0.96,1.03,1.02522
6/4/2025,200396,6259,4623,400,167231,201632,0.96,1.02,1.025385
6/5/2025,201632,6402,4972,0,174020,203062,0.96,1.04,1.025549
6/6/2025,203062,6111,4875,434,171038,203864,0.96,1.1,1.025714
6/7/2025,203864,6127,4424,0,153919,205567,0.96,0.95,1.025879
6/8/2025,205567,5854,4239,0,151094,207182,0.96,0.88,1.026044
6/9/2025,207182,5931,5077,442,180543,207594,0.96,1.06,1.026209
6/10/2025,207594,5842,4751,0,166285,208685,0.96,1.03,1.026374
6/11/2025,208685,6168,5133,380,182336,209340,0.96,1.02,1.026538
6/12/2025,209340,6422,5213,0,180038,210549,0.96,1.04,1.026703
6/13/2025,210549,6457,5613,451,196481,210942,0.96,1.1,1.026868
6/14/2025,210942,6000,4449,0,158099,212493,0.96,0.95,1.027033
6/15/2025,212493,6257,4217,0,147504,214533,0.96,0.88,1.027198
6/16/2025,214533,6448,5970,450,208419,214561,0.96,1.06,1.027363
6/17/2025,214561,6387,5126,0,183366,215822,0.96,1.03,1.027527
6/18/2025,215822,5878,4635,491,163479,216574,0.96,1.02,1.027692
6/19/2025,216574,5992,4599,0,161659,217967,0.96,1.04,1.027857
6/20/2025,217967,5954,5038,386,180104,218497,0.96,1.1,1.028022
6/21/2025,218497,6620,4814,0,169660,220303,0.96,0.95,1.028187
6/22/2025,220303,6079,3731,0,131909,222651,0.96,0.88,1.028352
6/23/2025,222651,6149,4945,398,173075,223457,0.96,1.06,1.028516
6/24/2025,223457,6284,4504,0,162144,225237,0.96,1.03,1.028681
6/25/2025,225237,6395,4363,373,152608,226896,0.96,1.02,1.028846
6/26/2025,226896,6387,4403,0,154105,228880,0.96,1.04,1.029011
6/27/2025,228880,6452,5558,508,200048,229266,0.96,1.1,1.029176
6/28/2025,229266,6125,4415,0,154170,230976,0.96,0.95,1.029341
6/29/2025,230976,5622,3970,0,139652,232628,0.96,0.88,1.029505
6/30/2025,232628,6167,5137,449,183838,233209,0.96,1.06,1.02967
7/1/2025,233209,6937,5844,0,205586,234302,1.08,1.03,1.029835
7/2/2025,234302,7221,4865,405,168604,236253,1.08,1.02,1.03
7/3/2025,236253,6725,5291,0,190724,237687,1.08,1.04,1.030165
7/4/2025,237687,7052,5927,445,207445,238367,1.08,1.1,1.03033
7/5/2025,238367,6844,5120,0,179662,240091,1.08,0.95,1.030495
7/6/2025,240091,6556,4520,0,156851,242127,1.08,0.88,1.030659
7/7/2025,242127,7018,5558,459,194795,243128,1.08,1.06,1.030824
7/8/2025,243128,7198,5331,0,192667,244995,1.08,1.03,1.030989
7/9/2025,244995,6974,5575,496,196648,245898,1.08,1.02,1.031154
7/10/2025,245898,6741,5298,0,187840,247341,1.08,1.04,1.031319
7/11/2025,247341,6746,5570,438,194219,248079,1.08,1.1,1.031484
7/12/2025,248079,7104,5328,0,188216,249855,1.08,0.95,1.031648
7/13/2025,249855,7290,4107,0,144957,253038,1.08,0.88,1.031813
7/14/2025,253038,6581,5855,506,204244,253258,1.08,1.06,1.031978
7/15/2025,253258,7550,6036,0,211260,254772,1.08,1.03,1.032143
7/16/2025,254772,6318,5145,507,179538,255438,1.08,1.02,1.032308
7/17/2025,255438,6712,5593,0,196262,256557,1.08,1.04,1.032473
7/18/2025,256557,7125,5572,457,198129,257653,1.08,1.1,1.032637
7/19/2025,257653,7271,4763,0,169420,260161,1.08,0.95,1.032802
7/20/2025,260161,6475,4622,0,163586,262014,1.08,0.88,1.032967
7/21/2025,262014,6732,5292,565,185220,262889,1.08,1.06,1.033132
7/22/2025,262889,6609,5339,0,187401,264159,1.08,1.03,1.033297
7/23/2025,264159,6835,5113,437,180002,265444,1.08,1.02,1.033462
7/24/2025,265444,7189,5408,0,190487,267225,1.08,1.04,1.033626
7/25/2025,267225,3593,5557,546,195427,264715,1.08,1.1,1.033791
7/26/2025,264715,7050,5406,0,191521,266359,1.08,0.95,1.033956
7/27/2025,266359,7431,4235,0,150800,269555,1.08,0.88,1.034121
7/28/2025,269555,6774,5488,432,196671,270409,1.08,1.06,1.034286
7/29/2025,270409,7077,5460,0,191688,272026,1.08,1.03,1.034451
7/30/2025,272026,6442,5255,489,183200,272724,1.08,1.02,1.034615
7/31/2025,272724,6862,5433,0,193329,274153,1.08,1.04,1.03478
8/1/2025,274153,3001,6146,486,218582,270522,1.12,1.1,1.034945
8/2/2025,270522,7126,5256,0,190067,272392,1.12,0.95,1.03511
8/3/2025,272392,7277,4871,0,171492,274798,1.12,0.88,1.035275
8/4/2025,274798,6915,5858,521,207047,275334,1.12,1.06,1.03544
8/5/2025,275334,7350,5720,0,201440,276964,1.12,1.03,1.035604
8/6/2025,276964,7278,5647,498,201445,278097,1.12,1.02,1.035769
8/7/2025,278097,6671,5665,0,200143,279103,1.12,1.04,1.035934
8/8/2025,279103,7483,5619,522,198200,280445,1.12,1.1,1.036099
8/9/2025,280445,7744,5087,0,181199,283102,1.12,0.95,1.036264
8/10/2025,283102,6976,4166,0,146764,285912,1.12,0.88,1.036429
8/11/2025,285912,7252,6168,477,217208,286519,1.12,1.06,1.036593
8/12/2025,286519,7246,5514,0,194303,288251,1.12,1.03,1.036758
8/13/2025,288251,7030,5375,478,190100,289428,1.12,1.02,1.036923
8/14/2025,289428,6783,5977,0,208456,290234,1.12,1.04,1.037088
8/15/2025,290234,7715,8247,412,288645,289290,1.12,1.1,1.037253
8/16/2025,289290,6899,5188,0,182191,291001,1.12,0.95,1.037418
8/17/2025,291001,6453,4699,0,166985,292755,1.12,0.88,1.037582
8/18/2025,292755,7302,7415,518,263913,292124,1.12,1.06,1.037747
8/19/2025,292124,7658,5440,0,188162,294342,1.12,1.03,1.037912
8/20/2025,294342,6928,5956,537,209956,294777,1.12,1.02,1.038077
8/21/2025,294777,7215,4900,0,173266,297092,1.12,1.04,1.038242
8/22/2025,297092,7228,5975,537,212010,297808,1.12,1.1,1.038407
8/23/2025,297808,6947,5188,0,182195,299567,1.12,0.95,1.038571
8/24/2025,299567,7006,5202,0,183104,301371,1.12,0.88,1.038736
8/25/2025,301371,7551,5698,348,199220,302876,1.12,1.06,1.038901
8/26/2025,302876,7348,6072,0,214671,304152,1.12,1.03,1.039066
8/27/2025,304152,6719,5471,477,194662,304923,1.12,1.02,1.039231
8/28/2025,304923,6984,6028,0,215946,305879,1.12,1.04,1.039396
8/29/2025,305879,7231,6128,495,214942,306487,1.12,1.1,1.03956
8/30/2025,306487,7109,4902,0,172794,308694,1.12,0.95,1.039725
8/31/2025,308694,7076,4381,0,154429,311389,1.12,0.88,1.03989
9/1/2025,311389,7500,5826,559,204980,312504,1.14,1.06,1.040055
9/2/2025,312504,7402,6090,0,209776,313816,1.14,1.03,1.04022
9/3/2025,313816,7660,5858,456,207448,315162,1.14,1.02,1.040385
9/4/2025,315162,7649,5373,0,192405,317438,1.14,1.04,1.040549
9/5/2025,317438,7048,6686,586,236142,317214,1.14,1.1,1.040714
9/6/2025,317214,7516,4994,0,177109,319736,1.14,0.95,1.040879
9/7/2025,319736,7531,4749,0,166349,322518,1.14,0.88,1.041044
9/8/2025,322518,7292,6089,428,218298,323293,1.14,1.06,1.041209
9/9/2025,323293,7395,5655,0,202270,325033,1.14,1.03,1.041374
9/10/2025,325033,7601,5453,570,193327,326611,1.14,1.02,1.041538
9/11/2025,326611,7448,6044,0,212682,328015,1.14,1.04,1.041703
9/12/2025,328015,7211,6483,414,230218,328329,1.14,1.1,1.041868
9/13/2025,328329,6720,5466,0,195199,329583,1.14,0.95,1.042033
9/14/2025,329583,7072,4742,0,169599,331913,1.14,0.88,1.042198
9/15/2025,331913,7737,5353,515,187458,333782,1.14,1.06,1.042363
9/16/2025,333782,6903,5854,0,209475,334831,1.14,1.03,1.042527
9/17/2025,334831,7685,5970,528,214043,336018,1.14,1.02,1.042692
9/18/2025,336018,7598,6006,0,211909,337610,1.14,1.04,1.042857
9/19/2025,337610,7452,6043,523,216254,338496,1.14,1.1,1.043022
9/20/2025,338496,7634,5242,0,184824,340888,1.14,0.95,1.043187
9/21/2025,340888,7414,5122,0,180772,343180,1.14,0.88,1.043352
9/22/2025,343180,7187,5993,491,214201,343883,1.14,1.06,1.043516
9/23/2025,343883,6589,6747,0,242293,343725,1.14,1.03,1.043681
9/24/2025,343725,7621,5581,430,193490,345335,1.14,1.02,1.043846
9/25/2025,345335,7073,5817,0,203549,346591,1.14,1.04,1.044011
9/26/2025,346591,7843,5818,483,207138,348133,1.14,1.1,1.044176
9/27/2025,348133,7640,5507,0,196376,350266,1.14,0.95,1.044341
9/28/2025,350266,7713,5299,0,187896,352680,1.14,0.88,1.044505
9/29/2025,352680,6907,5682,468,200822,353437,1.14,1.06,1.04467
9/30/2025,353437,7471,6781,0,241609,354127,1.14,1.03,1.044835
10/1/2025,354127,7087,5300,557,183623,355357,1.06,1.02,1.045
10/2/2025,355357,3240,5008,0,176779,353589,1.06,1.04,1.045165
10/3/2025,353589,7155,5709,317,205639,354718,1.06,1.1,1.04533
10/4/2025,354718,6711,4530,0,160404,356899,1.06,0.95,1.045495
10/5/2025,356899,6731,5081,0,180929,358549,1.06,0.88,1.045659
10/6/2025,358549,6873,5233,472,188694,359717,1.06,1.06,1.045824
10/7/2025,359717,7308,5686,0,198332,361339,1.06,1.03,1.045989
10/8/2025,361339,6830,5276,500,186554,362393,1.06,1.02,1.046154
10/9/2025,362393,6693,5655,0,197925,363431,1.06,1.04,1.046319
10/10/2025,363431,7469,6119,472,216123,364309,1.06,1.1,1.046484
10/11/2025,364309,6972,4842,0,172998,366439,1.06,0.95,1.046648
10/12/2025,366439,6544,4037,0,141295,368946,1.06,0.88,1.046813
10/13/2025,368946,7029,5740,390,198354,369845,1.06,1.06,1.046978
10/14/2025,369845,7031,5714,0,199990,371162,1.06,1.03,1.047143
10/15/2025,371162,6542,5077,513,178671,372114,1.06,1.02,1.047308
10/16/2025,372114,6508,5212,0,181854,373410,1.06,1.04,1.047473
10/17/2025,373410,6632,6246,428,220277,373368,1.06,1.1,1.047637
10/18/2025,373368,6933,4638,0,165810,375663,1.06,0.95,1.047802
10/19/2025,375663,6817,5002,0,176082,377478,1.06,0.88,1.047967
10/20/2025,377478,6951,5261,547,187126,378621,1.06,1.06,1.048132
10/21/2025,378621,7417,5322,0,189413,380716,1.06,1.03,1.048297
10/22/2025,380716,6471,5438,504,191958,381245,1.06,1.02,1.048462
10/23/2025,381245,6943,6737,0,239153,381451,1.06,1.04,1.048626
10/24/2025,381451,7032,6494,503,233019,381486,1.06,1.1,1.048791
10/25/2025,381486,7301,4857,0,171814,383930,1.06,0.95,1.048956
10/26/2025,383930,6703,5132,0,183522,385501,1.06,0.88,1.049121
10/27/2025,385501,7163,5141,498,183107,387025,1.06,1.06,1.049286
10/28/2025,387025,6783,5125,0,179673,388683,1.06,1.03,1.049451
10/29/2025,388683,6733,5302,418,185402,389696,1.06,1.02,1.049615
10/30/2025,389696,6776,5782,0,203543,390690,1.06,1.04,1.04978
10/31/2025,390690,7237,5744,487,203148,391696,1.06,1.1,1.049945
11/1/2025,391696,6073,4239,0,147653,393530,0.9,0.95,1.05011
11/2/2025,393530,5613,4083,0,142510,395060,0.9,0.88,1.050275
11/3/2025,395060,6090,4739,400,167469,396011,0.9,1.06,1.05044
11/4/2025,396011,5914,4819,0,171350,397106,0.9,1.03,1.050604
11/5/2025,397106,5766,4746,351,167972,397775,0.9,1.02,1.050769
11/6/2025,397775,5689,4405,0,155781,399059,0.9,1.04,1.050934
11/7/2025,399059,5561,4844,403,169805,399373,0.9,1.1,1.051099
11/8/2025,399373,5860,3846,0,136183,401387,0.9,0.95,1.051264
11/9/2025,401387,6112,4009,0,140073,403490,0.9,0.88,1.051429
11/10/2025,403490,5701,5045,448,174415,403698,0.9,1.06,1.051593
11/11/2025,403698,5867,4575,0,160648,404990,0.9,1.03,1.051758
11/12/2025,404990,6016,4534,305,160759,406167,0.9,1.02,1.051923
11/13/2025,406167,5928,5734,0,200690,406361,0.9,1.04,1.052088
11/14/2025,406361,6036,5040,335,179600,407022,0.9,1.1,1.052253
11/15/2025,407022,6062,3885,0,137208,409199,0.9,0.95,1.052418
11/16/2025,409199,5404,4054,0,142134,410549,0.9,0.88,1.052582
11/17/2025,410549,5876,4338,368,150882,411719,0.9,1.06,1.052747
11/18/2025,411719,5724,4650,0,162064,412793,0.9,1.03,1.052912
11/19/2025,412793,5737,4807,419,168040,413304,0.9,1.02,1.053077
11/20/2025,413304,5741,4434,0,157683,414611,0.9,1.04,1.053242
11/21/2025,414611,6202,4416,313,154560,416084,0.9,1.1,1.053407
11/22/2025,416084,6289,4612,0,162515,417761,0.9,0.95,1.053571
11/23/2025,417761,6142,4159,0,150319,419744,0.9,0.88,1.053736
11/24/2025,419744,6041,4702,390,165786,420693,0.9,1.06,1.053901
11/25/2025,420693,6160,4760,0,168351,422093,0.9,1.03,1.054066
11/26/2025,422093,5997,4698,371,165587,423021,0.9,1.02,1.054231
11/27/2025,423021,5226,4873,0,172513,423374,0.9,1.04,1.054396
11/28/2025,423374,6107,4697,436,165141,424348,0.9,1.1,1.05456
11/29/2025,424348,5870,3789,0,133111,426429,0.9,0.95,1.054725
11/30/2025,426429,5818,4043,0,141359,428204,0.9,0.88,1.05489
12/1/2025,428204,7271,6184,516,219717,428775,1.15,1.06,1.055055
12/2/2025,428775,6607,5880,0,206421,429502,1.15,1.03,1.05522
12/3/2025,429502,7582,5872,358,207893,430854,1.15,1.02,1.055385
12/4/2025,430854,7361,6085,0,215584,432130,1.15,1.04,1.055549
12/5/2025,432130,7382,6162,523,220929,432827,1.15,1.1,1.055714
12/6/2025,432827,3717,5144,0,184273,431400,1.15,0.95,1.055879
12/7/2025,431400,7449,5412,0,190912,433437,1.15,0.88,1.056044
12/8/2025,433437,7432,5784,502,204480,434583,1.15,1.06,1.056209
12/9/2025,434583,7465,6065,0,214235,435983,1.15,1.03,1.056374
12/10/2025,435983,6802,5547,435,194566,436803,1.15,1.02,1.056538
12/11/2025,436803,7552,6680,0,234857,437675,1.15,1.04,1.056703
12/12/2025,437675,7748,6345,470,223153,438608,1.15,1.1,1.056868
12/13/2025,438608,7999,5822,0,201562,440785,1.15,0.95,1.057033
12/14/2025,440785,7438,5060,0,177610,443163,1.15,0.88,1.057198
12/15/2025,443163,7227,6046,472,212308,443872,1.15,1.06,1.057363
12/16/2025,443872,7434,5576,0,196036,445730,1.15,1.03,1.057527
12/17/2025,445730,7582,5722,555,203111,447035,1.15,1.02,1.057692
12/18/2025,447035,7391,5870,0,208432,448556,1.15,1.04,1.057857
12/19/2025,448556,7400,5750,475,205735,449731,1.15,1.1,1.058022
12/20/2025,449731,7213,6172,0,217371,450772,1.15,0.95,1.058187
12/21/2025,450772,7179,4977,0,174933,452974,1.15,0.88,1.058352
12/22/2025,452974,7200,5839,479,205129,453856,1.15,1.06,1.058516
12/23/2025,453856,7643,6114,0,215348,455385,1.15,1.03,1.058681
12/24/2025,455385,7475,5691,430,199151,456739,1.15,1.02,1.058846
12/25/2025,456739,7876,5753,0,202243,458862,1.15,1.04,1.059011
12/26/2025,458862,7810,6270,449,222342,459953,1.15,1.1,1.059176
12/27/2025,459953,7484,5616,0,199115,461821,1.15,0.95,1.059341
12/28/2025,461821,7449,4869,0,171382,464401,1.15,0.88,1.059505
12/29/2025,464401,7303,5794,538,208000,465372,1.15,1.06,1.05967
12/30/2025,465372,7320,6788,0,233271,465904,1.15,1.03,1.059835
12/31/2025,465904,7584,5761,529,203494,467198,1.15,1.02,1.06
