production_id,production_date,quantity_produced,user_role
1,1/1/2025,7909,production_staff
2,1/2/2025,7241,production_staff
3,1/3/2025,7210,production_staff
4,1/4/2025,7088,production_staff
5,1/5/2025,6888,production_staff
6,1/6/2025,7071,production_staff
7,1/7/2025,7373,production_staff
8,1/8/2025,7412,production_staff
9,1/9/2025,7443,production_staff
10,1/10/2025,7416,production_staff
11,1/11/2025,7226,production_staff
12,1/12/2025,7276,production_staff
13,1/13/2025,7175,production_staff
14,1/14/2025,7168,production_staff
15,1/15/2025,7494,production_staff
16,1/16/2025,6811,production_staff
17,1/17/2025,6604,production_staff
18,1/18/2025,7136,production_staff
19,1/19/2025,6885,production_staff
20,1/20/2025,7417,production_staff
21,1/21/2025,7170,production_staff
22,1/22/2025,6818,production_staff
23,1/23/2025,7398,production_staff
24,1/24/2025,7478,production_staff
25,1/25/2025,7494,production_staff
26,1/26/2025,7116,production_staff
27,1/27/2025,7535,production_staff
28,1/28/2025,7221,production_staff
29,1/29/2025,7061,production_staff
30,1/30/2025,7301,production_staff
31,1/31/2025,7159,production_staff
32,2/1/2025,7462,production_staff
33,2/2/2025,7976,production_staff
34,2/3/2025,7372,production_staff
35,2/4/2025,7179,production_staff
36,2/5/2025,7511,production_staff
37,2/6/2025,7603,production_staff
38,2/7/2025,6947,production_staff
39,2/8/2025,7053,production_staff
40,2/9/2025,7722,production_staff
41,2/10/2025,7166,production_staff
42,2/11/2025,7289,production_staff
43,2/12/2025,7217,production_staff
44,2/13/2025,7440,production_staff
45,2/14/2025,7502,production_staff
46,2/15/2025,6861,production_staff
47,2/16/2025,7483,production_staff
48,2/17/2025,7672,production_staff
49,2/18/2025,7436,production_staff
50,2/19/2025,7635,production_staff
51,2/20/2025,7339,production_staff
52,2/21/2025,7035,production_staff
53,2/22/2025,7010,production_staff
54,2/23/2025,7181,production_staff
55,2/24/2025,7094,production_staff
56,2/25/2025,7481,production_staff
57,2/26/2025,7901,production_staff
58,2/27/2025,7507,production_staff
59,2/28/2025,7182,production_staff
60,3/1/2025,6541,production_staff
61,3/2/2025,7015,production_staff
62,3/3/2025,7130,production_staff
63,3/4/2025,6751,production_staff
64,3/5/2025,6996,production_staff
65,3/6/2025,7083,production_staff
66,3/7/2025,6403,production_staff
67,3/8/2025,7005,production_staff
68,3/9/2025,7081,production_staff
69,3/10/2025,6617,production_staff
70,3/11/2025,7096,production_staff
71,3/12/2025,6995,production_staff
72,3/13/2025,6429,production_staff
73,3/14/2025,6763,production_staff
74,3/15/2025,7001,production_staff
75,3/16/2025,6677,production_staff
76,3/17/2025,7137,production_staff
77,3/18/2025,6430,production_staff
78,3/19/2025,7290,production_staff
79,3/20/2025,7125,production_staff
80,3/21/2025,6756,production_staff
81,3/22/2025,7311,production_staff
82,3/23/2025,6861,production_staff
83,3/24/2025,6918,production_staff
84,3/25/2025,6911,production_staff
85,3/26/2025,6423,production_staff
86,3/27/2025,7240,production_staff
87,3/28/2025,6336,production_staff
88,3/29/2025,6774,production_staff
89,3/30/2025,6942,production_staff
90,3/31/2025,7030,production_staff
91,4/1/2025,5553,production_staff
92,4/2/2025,5581,production_staff
93,4/3/2025,5815,production_staff
94,4/4/2025,5882,production_staff
95,4/5/2025,5445,production_staff
96,4/6/2025,5562,production_staff
97,4/7/2025,5990,production_staff
98,4/8/2025,6285,production_staff
99,4/9/2025,6062,production_staff
100,4/10/2025,5536,production_staff
101,4/11/2025,5643,production_staff
102,4/12/2025,6398,production_staff
103,4/13/2025,5766,production_staff
104,4/14/2025,5568,production_staff
105,4/15/2025,5908,production_staff
106,4/16/2025,6049,production_staff
107,4/17/2025,5561,production_staff
108,4/18/2025,5480,production_staff
109,4/19/2025,5839,production_staff
110,4/20/2025,5867,production_staff
111,4/21/2025,5130,production_staff
112,4/22/2025,6395,production_staff
113,4/23/2025,5799,production_staff
114,4/24/2025,5901,production_staff
115,4/25/2025,5607,production_staff
116,4/26/2025,5915,production_staff
117,4/27/2025,5463,production_staff
118,4/28/2025,5544,production_staff
119,4/29/2025,6307,production_staff
120,4/30/2025,5923,production_staff
121,5/1/2025,5788,production_staff
122,5/2/2025,5505,production_staff
123,5/3/2025,5842,production_staff
124,5/4/2025,5413,production_staff
125,5/5/2025,5447,production_staff
126,5/6/2025,5453,production_staff
127,5/7/2025,5338,production_staff
128,5/8/2025,5933,production_staff
129,5/9/2025,5738,production_staff
130,5/10/2025,5196,production_staff
131,5/11/2025,5527,production_staff
132,5/12/2025,4941,production_staff
133,5/13/2025,5324,production_staff
134,5/14/2025,5174,production_staff
135,5/15/2025,5586,production_staff
136,5/16/2025,5505,production_staff
137,5/17/2025,5832,production_staff
138,5/18/2025,5778,production_staff
139,5/19/2025,4646,production_staff
140,5/20/2025,5284,production_staff
141,5/21/2025,5494,production_staff
142,5/22/2025,5144,production_staff
143,5/23/2025,5651,production_staff
144,5/24/2025,5622,production_staff
145,5/25/2025,5384,production_staff
146,5/26/2025,5048,production_staff
147,5/27/2025,5924,production_staff
148,5/28/2025,5481,production_staff
149,5/29/2025,5263,production_staff
150,5/30/2025,5477,production_staff
151,5/31/2025,5631,production_staff
152,6/1/2025,5698,production_staff
153,6/2/2025,5677,production_staff
154,6/3/2025,6060,production_staff
155,6/4/2025,6259,production_staff
156,6/5/2025,6402,production_staff
157,6/6/2025,6111,production_staff
158,6/7/2025,6127,production_staff
159,6/8/2025,5854,production_staff
160,6/9/2025,5931,production_staff
161,6/10/2025,5842,production_staff
162,6/11/2025,6168,production_staff
163,6/12/2025,6422,production_staff
164,6/13/2025,6457,production_staff
165,6/14/2025,6000,production_staff
166,6/15/2025,6257,production_staff
167,6/16/2025,6448,production_staff
168,6/17/2025,6387,production_staff
169,6/18/2025,5878,production_staff
170,6/19/2025,5992,production_staff
171,6/20/2025,5954,production_staff
172,6/21/2025,6620,production_staff
173,6/22/2025,6079,production_staff
174,6/23/2025,6149,production_staff
175,6/24/2025,6284,production_staff
176,6/25/2025,6395,production_staff
177,6/26/2025,6387,production_staff
178,6/27/2025,6452,production_staff
179,6/28/2025,6125,production_staff
180,6/29/2025,5622,production_staff
181,6/30/2025,6167,production_staff
182,7/1/2025,6937,production_staff
183,7/2/2025,7221,production_staff
184,7/3/2025,6725,production_staff
185,7/4/2025,7052,production_staff
186,7/5/2025,6844,production_staff
187,7/6/2025,6556,production_staff
188,7/7/2025,7018,production_staff
189,7/8/2025,7198,production_staff
190,7/9/2025,6974,production_staff
191,7/10/2025,6741,production_staff
192,7/11/2025,6746,production_staff
193,7/12/2025,7104,production_staff
194,7/13/2025,7290,production_staff
195,7/14/2025,6581,production_staff
196,7/15/2025,7550,production_staff
197,7/16/2025,6318,production_staff
198,7/17/2025,6712,production_staff
199,7/18/2025,7125,production_staff
200,7/19/2025,7271,production_staff
201,7/20/2025,6475,production_staff
202,7/21/2025,6732,production_staff
203,7/22/2025,6609,production_staff
204,7/23/2025,6835,production_staff
205,7/24/2025,7189,production_staff
206,7/25/2025,3593,production_staff
207,7/26/2025,7050,production_staff
208,7/27/2025,7431,production_staff
209,7/28/2025,6774,production_staff
210,7/29/2025,7077,production_staff
211,7/30/2025,6442,production_staff
212,7/31/2025,6862,production_staff
213,8/1/2025,3001,production_staff
214,8/2/2025,7126,production_staff
215,8/3/2025,7277,production_staff
216,8/4/2025,6915,production_staff
217,8/5/2025,7350,production_staff
218,8/6/2025,7278,production_staff
219,8/7/2025,6671,production_staff
220,8/8/2025,7483,production_staff
221,8/9/2025,7744,production_staff
222,8/10/2025,6976,production_staff
223,8/11/2025,7252,production_staff
224,8/12/2025,7246,production_staff
225,8/13/2025,7030,production_staff
226,8/14/2025,6783,production_staff
227,8/15/2025,7715,production_staff
228,8/16/2025,6899,production_staff
229,8/17/2025,6453,production_staff
230,8/18/2025,7302,production_staff
231,8/19/2025,7658,production_staff
232,8/20/2025,6928,production_staff
233,8/21/2025,7215,production_staff
234,8/22/2025,7228,production_staff
235,8/23/2025,6947,production_staff
236,8/24/2025,7006,production_staff
237,8/25/2025,7551,production_staff
238,8/26/2025,7348,production_staff
239,8/27/2025,6719,production_staff
240,8/28/2025,6984,production_staff
241,8/29/2025,7231,production_staff
242,8/30/2025,7109,production_staff
243,8/31/2025,7076,production_staff
244,9/1/2025,7500,production_staff
245,9/2/2025,7402,production_staff
246,9/3/2025,7660,production_staff
247,9/4/2025,7649,production_staff
248,9/5/2025,7048,production_staff
249,9/6/2025,7516,production_staff
250,9/7/2025,7531,production_staff
251,9/8/2025,7292,production_staff
252,9/9/2025,7395,production_staff
253,9/10/2025,7601,production_staff
254,9/11/2025,7448,production_staff
255,9/12/2025,7211,production_staff
256,9/13/2025,6720,production_staff
257,9/14/2025,7072,production_staff
258,9/15/2025,7737,production_staff
259,9/16/2025,6903,production_staff
260,9/17/2025,7685,production_staff
261,9/18/2025,7598,production_staff
262,9/19/2025,7452,production_staff
263,9/20/2025,7634,production_staff
264,9/21/2025,7414,production_staff
265,9/22/2025,7187,production_staff
266,9/23/2025,6589,production_staff
267,9/24/2025,7621,production_staff
268,9/25/2025,7073,production_staff
269,9/26/2025,7843,production_staff
270,9/27/2025,7640,production_staff
271,9/28/2025,7713,production_staff
272,9/29/2025,6907,production_staff
273,9/30/2025,7471,production_staff
274,10/1/2025,7087,production_staff
275,10/2/2025,3240,production_staff
276,10/3/2025,7155,production_staff
277,10/4/2025,6711,production_staff
278,10/5/2025,6731,production_staff
279,10/6/2025,6873,production_staff
280,10/7/2025,7308,production_staff
281,10/8/2025,6830,production_staff
282,10/9/2025,6693,production_staff
283,10/10/2025,7469,production_staff
284,10/11/2025,6972,production_staff
285,10/12/2025,6544,production_staff
286,10/13/2025,7029,production_staff
287,10/14/2025,7031,production_staff
288,10/15/2025,6542,production_staff
289,10/16/2025,6508,production_staff
290,10/17/2025,6632,production_staff
291,10/18/2025,6933,production_staff
292,10/19/2025,6817,production_staff
293,10/20/2025,6951,production_staff
294,10/21/2025,7417,production_staff
295,10/22/2025,6471,production_staff
296,10/23/2025,6943,production_staff
297,10/24/2025,7032,production_staff
298,10/25/2025,7301,production_staff
299,10/26/2025,6703,production_staff
300,10/27/2025,7163,production_staff
301,10/28/2025,6783,production_staff
302,10/29/2025,6733,production_staff
303,10/30/2025,6776,production_staff
304,10/31/2025,7237,production_staff
305,11/1/2025,6073,production_staff
306,11/2/2025,5613,production_staff
307,11/3/2025,6090,production_staff
308,11/4/2025,5914,production_staff
309,11/5/2025,5766,production_staff
310,11/6/2025,5689,production_staff
311,11/7/2025,5561,production_staff
312,11/8/2025,5860,production_staff
313,11/9/2025,6112,production_staff
314,11/10/2025,5701,production_staff
315,11/11/2025,5867,production_staff
316,11/12/2025,6016,production_staff
317,11/13/2025,5928,production_staff
318,11/14/2025,6036,production_staff
319,11/15/2025,6062,production_staff
320,11/16/2025,5404,production_staff
321,11/17/2025,5876,production_staff
322,11/18/2025,5724,production_staff
323,11/19/2025,5737,production_staff
324,11/20/2025,5741,production_staff
325,11/21/2025,6202,production_staff
326,11/22/2025,6289,production_staff
327,11/23/2025,6142,production_staff
328,11/24/2025,6041,production_staff
329,11/25/2025,6160,production_staff
330,11/26/2025,5997,production_staff
331,11/27/2025,5226,production_staff
332,11/28/2025,6107,production_staff
333,11/29/2025,5870,production_staff
334,11/30/2025,5818,production_staff
335,12/1/2025,7271,production_staff
336,12/2/2025,6607,production_staff
337,12/3/2025,7582,production_staff
338,12/4/2025,7361,production_staff
339,12/5/2025,7382,production_staff
340,12/6/2025,3717,production_staff
341,12/7/2025,7449,production_staff
342,12/8/2025,7432,production_staff
343,12/9/2025,7465,production_staff
344,12/10/2025,6802,production_staff
345,12/11/2025,7552,production_staff
346,12/12/2025,7748,production_staff
347,12/13/2025,7999,production_staff
348,12/14/2025,7438,production_staff
349,12/15/2025,7227,production_staff
350,12/16/2025,7434,production_staff
351,12/17/2025,7582,production_staff
352,12/18/2025,7391,production_staff
353,12/19/2025,7400,production_staff
354,12/20/2025,7213,production_staff
355,12/21/2025,7179,production_staff
356,12/22/2025,7200,production_staff
357,12/23/2025,7643,production_staff
358,12/24/2025,7475,production_staff
359,12/25/2025,7876,production_staff
360,12/26/2025,7810,production_staff
361,12/27/2025,7484,production_staff
362,12/28/2025,7449,production_staff
363,12/29/2025,7303,production_staff
364,12/30/2025,7320,production_staff
365,12/31/2025,7584,production_staff
